1976-01-01,2170.0,7390.0,1870.0,11430.0,75800.0,66200.0,153400.0
1976-02-01,2060.0,5130.0,1420.0,8610.0,54700.0,49400.0,112700.0
1976-03-01,2660.0,6350.0,1670.0,10670.0,85000.0,46800.0,142500.0
1976-04-01,2320.0,5640.0,1420.0,9380.0,74600.0,41000.0,125000.0
1976-05-01,2750.0,6730.0,1770.0,11250.0,103900.0,43000.0,158100.0
1976-06-01,2000.0,5170.0,1420.0,8590.0,82000.0,28400.0,118900.0
1976-07-01,2160.0,5560.0,1370.0,9090.0,77000.0,30000.0,116100.0
1976-08-01,2260.0,6000.0,1650.0,9910.0,103600.0,41500.0,155000.0
1976-09-01,1840.0,4490.0,1270.0,7600.0,62900.0,38600.0,109000.0
1976-10-01,2040.0,4220.0,1290.0,7540.0,60700.0,39000.0,107300.0
1976-11-01,1920.0,5120.0,1990.0,9030.0,58800.0,46600.0,114400.0
1976-12-01,2560.0,6730.0,3520.0,12800.0,134800.0,42100.0,189700.0
1977-01-01,2220.0,8710.0,1870.0,12790.0,81200.0,68700.0,162700.0
1977-02-01,1460.0,5020.0,1100.0,7580.0,47700.0,47500.0,102800.0
1977-03-01,2020.0,5970.0,1400.0,9380.0,76200.0,50800.0,136400.0
1977-04-01,1990.0,5590.0,1310.0,8890.0,81900.0,47400.0,138200.0
1977-05-01,2280.0,6000.0,1540.0,9830.0,95400.0,41300.0,146500.0
1977-06-01,1850.0,5390.0,1420.0,8660.0,85400.0,31800.0,125900.0
1977-07-01,1980.0,5090.0,1560.0,8630.0,84400.0,34500.0,127500.0
1977-08-01,1980.0,5220.0,1530.0,8730.0,103400.0,42600.0,154700.0
1977-09-01,1650.0,4110.0,1140.0,6900.0,63000.0,39400.0,109300.0
1977-10-01,1690.0,3860.0,1230.0,6790.0,65500.0,40900.0,113200.0
1977-11-01,1470.0,3510.0,1500.0,6480.0,59200.0,50200.0,115900.0
1977-12-01,2160.0,5630.0,3570.0,11360.0,128000.0,45800.0,185200.0
1978-01-01,1780.0,7000.0,1750.0,10530.0,74400.0,73000.0,157900.0
1978-02-01,1540.0,5210.0,1480.0,8240.0,57100.0,58000.0,123400.0
1978-03-01,1830.0,5660.0,1410.0,8890.0,75600.0,54000.0,138400.0
1978-04-01,2450.0,5140.0,1170.0,8750.0,88300.0,47800.0,144800.0
1978-05-01,2570.0,5210.0,1540.0,9320.0,111100.0,44800.0,165200.0
1978-06-01,2000.0,4460.0,1300.0,7750.0,95000.0,33400.0,136200.0
1978-07-01,2200.0,4970.0,1410.0,8570.0,91500.0,36800.0,136800.0
1978-08-01,2190.0,4910.0,1620.0,8710.0,111400.0,47000.0,167100.0
1978-09-01,2010.0,3940.0,1330.0,7290.0,73700.0,48200.0,129200.0
1978-10-01,1880.0,3020.0,1190.0,6080.0,72800.0,48300.0,127200.0
1978-11-01,1720.0,3260.0,1580.0,6570.0,64900.0,56300.0,127800.0
1978-12-01,2810.0,5740.0,3860.0,12410.0,146300.0,49700.0,208400.0
1979-01-01,2100.0,6670.0,2320.0,11090.0,83100.0,85300.0,179500.0
1979-02-01,2000.0,5180.0,1520.0,8700.0,66200.0,65700.0,140600.0
1979-03-01,2410.0,5580.0,1650.0,9640.0,101700.0,64600.0,176000.0
1979-04-01,2020.0,4850.0,1460.0,8330.0,100100.0,59000.0,167400.0
1979-05-01,2180.0,5200.0,1740.0,9110.0,120100.0,59800.0,189000.0
1979-06-01,1900.0,3950.0,1550.0,7400.0,100200.0,46200.0,153800.0
1979-07-01,1780.0,4080.0,1410.0,7270.0,97000.0,55200.0,159400.0
1979-08-01,1690.0,3750.0,1460.0,6900.0,120600.0,68200.0,195600.0
1979-09-01,1710.0,3710.0,1160.0,6570.0,88400.0,60600.0,155600.0
1979-10-01,1730.0,3510.0,1060.0,6290.0,83500.0,61000.0,150800.0
1979-11-01,1730.0,3540.0,1610.0,6880.0,73200.0,69600.0,149700.0
1979-12-01,2170.0,4270.0,3500.0,9930.0,141800.0,57200.0,208900.0
1980-01-01,1910.0,6780.0,1950.0,10640.0,87700.0,98900.0,197300.0
1980-02-01,1870.0,5150.0,1390.0,8410.0,82700.0,82500.0,173600.0
1980-03-01,2040.0,5130.0,1440.0,8620.0,106000.0,87600.0,202200.0
1980-04-01,1820.0,4300.0,1330.0,7440.0,103900.0,76100.0,187500.0
1980-05-01,1990.0,4210.0,1470.0,7660.0,121000.0,65900.0,194600.0
1980-06-01,1590.0,3700.0,1460.0,6750.0,98800.0,57800.0,163300.0
1980-07-01,1510.0,3600.0,1390.0,6490.0,96900.0,68800.0,172100.0
1980-08-01,1700.0,4280.0,1480.0,7450.0,115400.0,72200.0,195100.0
1980-09-01,1330.0,3480.0,1020.0,5830.0,87500.0,64000.0,157400.0
1980-10-01,1590.0,2970.0,1100.0,5660.0,86500.0,65900.0,158100.0
1980-11-01,1760.0,3110.0,1570.0,6440.0,81800.0,75500.0,163800.0
1980-12-01,1740.0,4010.0,3720.0,9470.0,135300.0,58800.0,203500.0
1981-01-01,1800.0,6650.0,1950.0,10400.0,88900.0,105000.0,204300.0
1981-02-01,1610.0,4340.0,1200.0,7150.0,77100.0,75100.0,159400.0
1981-03-01,1840.0,4790.0,1470.0,8100.0,109000.0,88100.0,205200.0
1981-04-01,1710.0,3710.0,1230.0,6650.0,104000.0,75000.0,185700.0
1981-05-01,1560.0,3710.0,1400.0,6670.0,113000.0,72200.0,191900.0
1981-06-01,1340.0,3200.0,1260.0,5800.0,99000.0,57000.0,161900.0
1981-07-01,1510.0,3230.0,1370.0,6120.0,104500.0,69000.0,179600.0
1981-08-01,1720.0,4140.0,1390.0,7250.0,109400.0,78300.0,195000.0
1981-09-01,1390.0,3280.0,1110.0,5780.0,92900.0,67200.0,165900.0
1981-10-01,1710.0,2700.0,1160.0,5570.0,88700.0,71400.0,165600.0
1981-11-01,1590.0,3060.0,1770.0,6420.0,90500.0,78300.0,175200.0
1981-12-01,2070.0,3920.0,3710.0,9700.0,140200.0,63700.0,213600.0
1982-01-01,1750.0,6540.0,1940.0,10230.0,91700.0,106500.0,208400.0
1982-02-01,1800.0,4170.0,1460.0,7430.0,78800.0,78600.0,164800.0
1982-03-01,2170.0,4750.0,1780.0,8690.0,114700.0,85800.0,209300.0
1982-04-01,1710.0,3710.0,1420.0,6840.0,100700.0,79800.0,187400.0
1982-05-01,1720.0,3670.0,1570.0,6960.0,113300.0,81100.0,201300.0
1982-06-01,1750.0,3330.0,1640.0,6720.0,122800.0,59100.0,188600.0
1982-07-01,1720.0,3510.0,1760.0,6990.0,117900.0,67000.0,191900.0
1982-08-01,1710.0,3950.0,1680.0,7330.0,122200.0,78500.0,208100.0
1982-09-01,1830.0,3590.0,1450.0,6870.0,102900.0,66600.0,176400.0
1982-10-01,1830.0,2760.0,1550.0,6130.0,85300.0,77400.0,168800.0
1982-11-01,2130.0,3190.0,2300.0,7620.0,92800.0,72600.0,173000.0
1982-12-01,2380.0,3730.0,4420.0,10530.0,143800.0,68400.0,222700.0
1983-01-01,2240.0,6410.0,2450.0,11100.0,88400.0,110300.0,209800.0
1983-02-01,1990.0,3870.0,1870.0,7730.0,75400.0,84000.0,167100.0
1983-03-01,3040.0,5100.0,2340.0,10470.0,111200.0,81400.0,203000.0
1983-04-01,1930.0,3720.0,1830.0,7480.0,96300.0,75800.0,179600.0
1983-05-01,2110.0,3730.0,1900.0,7740.0,114600.0,70100.0,192500.0
1983-06-01,1920.0,3460.0,1910.0,7290.0,108300.0,55500.0,171000.0
1983-07-01,2410.0,4150.0,2220.0,8790.0,113400.0,66300.0,188500.0
1983-08-01,1880.0,4100.0,1970.0,7950.0,116600.0,85300.0,209800.0
1983-09-01,1880.0,3700.0,1560.0,7140.0,103400.0,71900.0,182500.0
1983-10-01,1670.0,2860.0,1470.0,6000.0,87300.0,74200.0,167600.0
1983-11-01,2410.0,3260.0,2140.0,7810.0,88200.0,78300.0,174300.0
1983-12-01,2390.0,3820.0,4790.0,11000.0,149800.0,75800.0,236700.0
1984-01-01,1940.0,6320.0,2240.0,10510.0,90100.0,108600.0,209200.0
1984-02-01,1970.0,4520.0,1610.0,8100.0,78800.0,85800.0,172700.0
1984-03-01,2150.0,4430.0,1850.0,8430.0,108900.0,86700.0,204000.0
1984-04-01,2010.0,4010.0,1620.0,7630.0,126300.0,84000.0,217900.0
1984-05-01,1890.0,4520.0,1750.0,8150.0,122000.0,86000.0,216200.0
1984-06-01,1710.0,3790.0,1720.0,7220.0,125100.0,64400.0,196800.0
1984-07-01,1660.0,4060.0,1560.0,7270.0,119600.0,71900.0,198800.0
1984-08-01,1910.0,4590.0,1730.0,8220.0,148800.0,85400.0,242400.0
1984-09-01,1500.0,3660.0,1300.0,6460.0,114600.0,69200.0,190200.0
1984-10-01,1560.0,2870.0,1140.0,5580.0,101600.0,73500.0,180600.0
1984-11-01,1760.0,3480.0,2120.0,7360.0,108800.0,88500.0,204700.0
1984-12-01,2270.0,4530.0,4630.0,11420.0,174100.0,81700.0,267300.0
1985-01-01,1760.0,6520.0,2160.0,10450.0,101100.0,110800.0,222400.0
1985-02-01,1690.0,4600.0,1500.0,7790.0,89900.0,92100.0,189800.0
1985-03-01,1740.0,4700.0,1710.0,8160.0,126800.0,108800.0,243700.0
1985-04-01,1480.0,4470.0,1630.0,7580.0,126400.0,93100.0,227000.0
1985-05-01,1690.0,4220.0,1950.0,7860.0,141400.0,90000.0,239200.0
1985-06-01,1360.0,4000.0,1720.0,7090.0,144700.0,67200.0,219100.0
1985-07-01,1460.0,4340.0,1730.0,7530.0,132800.0,69800.0,210200.0
1985-08-01,1520.0,4270.0,1910.0,7700.0,149000.0,89200.0,245800.0
1985-09-01,1310.0,3580.0,1280.0,6160.0,124200.0,76600.0,207000.0
1985-10-01,1240.0,2940.0,1180.0,5360.0,101500.0,85400.0,192300.0
1985-11-01,1490.0,3130.0,2000.0,6620.0,106100.0,113600.0,226300.0
1985-12-01,1870.0,4250.0,5020.0,11130.0,168100.0,99800.0,279100.0
1986-01-01,1600.0,6510.0,2590.0,10700.0,104200.0,133800.0,248700.0
1986-02-01,1520.0,4260.0,1580.0,7370.0,79900.0,111900.0,199200.0
1986-03-01,1580.0,4520.0,1980.0,8080.0,126100.0,123800.0,258000.0
1986-04-01,1570.0,4340.0,1740.0,7650.0,121600.0,130100.0,259300.0
1986-05-01,1510.0,4080.0,1880.0,7470.0,139500.0,106600.0,253600.0
1986-06-01,1430.0,3480.0,1780.0,6680.0,143100.0,84800.0,234500.0
1986-07-01,1450.0,3730.0,1880.0,7070.0,144100.0,90100.0,241300.0
1986-08-01,1540.0,4350.0,1970.0,7860.0,154500.0,113200.0,275500.0
1986-09-01,1440.0,3470.0,1410.0,6330.0,129500.0,94300.0,230200.0
1986-10-01,1380.0,2770.0,1370.0,5510.0,109800.0,109400.0,224700.0
1986-11-01,1600.0,2810.0,2000.0,6420.0,116200.0,141100.0,263800.0
1986-12-01,2190.0,4030.0,5080.0,11310.0,171100.0,124600.0,307000.0
1987-01-01,1950.0,6630.0,2800.0,11380.0,106700.0,169100.0,287100.0
1987-02-01,1650.0,4260.0,1780.0,7690.0,85500.0,151600.0,244800.0
1987-03-01,1940.0,5060.0,2130.0,9120.0,132500.0,149200.0,290800.0
1987-04-01,1580.0,4420.0,2080.0,8080.0,133700.0,135700.0,277500.0
1987-05-01,1800.0,4040.0,1990.0,7830.0,135600.0,137600.0,281000.0
1987-06-01,1410.0,3270.0,2050.0,6740.0,149400.0,108600.0,264700.0
1987-07-01,1740.0,4090.0,2150.0,7970.0,157700.0,119900.0,285500.0
1987-08-01,1760.0,4500.0,1960.0,8220.0,144500.0,149900.0,302600.0
1987-09-01,1560.0,3490.0,1660.0,6710.0,165400.0,125900.0,298000.0
1987-10-01,1560.0,3060.0,1540.0,6170.0,122700.0,139700.0,268600.0
1987-11-01,1510.0,3160.0,2230.0,6890.0,113700.0,166500.0,287100.0
1987-12-01,1970.0,3990.0,5010.0,10970.0,175000.0,147500.0,333500.0
1988-01-01,1880.0,6580.0,2540.0,10990.0,113200.0,207700.0,331900.0
1988-02-01,1660.0,4320.0,2110.0,8080.0,94400.0,175200.0,277700.0
1988-03-01,1720.0,4650.0,2610.0,8980.0,138600.0,176600.0,324200.0
1988-04-01,1810.0,4620.0,1970.0,8400.0,132400.0,172400.0,313200.0
1988-05-01,1750.0,4130.0,2000.0,7880.0,129200.0,182500.0,319600.0
1988-06-01,1570.0,3920.0,2280.0,7770.0,165700.0,143400.0,316900.0
1988-07-01,1800.0,4670.0,2370.0,8830.0,153300.0,171900.0,334000.0
1988-08-01,1530.0,5070.0,2030.0,8630.0,141900.0,200300.0,350800.0
1988-09-01,1440.0,3950.0,1980.0,7360.0,170300.0,181600.0,359300.0
1988-10-01,1520.0,3660.0,1790.0,6970.0,127800.0,192500.0,327300.0
1988-11-01,1610.0,3690.0,2610.0,7910.0,124100.0,198200.0,330200.0
1988-12-01,2050.0,4880.0,6050.0,12980.0,206700.0,171800.0,391500.0
1989-01-01,2060.0,7360.0,3250.0,12670.0,131700.0,221700.0,366100.0
1989-02-01,1860.0,5140.0,2320.0,9320.0,112700.0,170900.0,292900.0
1989-03-01,2080.0,5420.0,3150.0,10640.0,170900.0,187300.0,368900.0
1989-04-01,2090.0,5260.0,2500.0,9860.0,153000.0,172700.0,335500.0
1989-05-01,1820.0,4430.0,2260.0,8510.0,146700.0,162000.0,317200.0
1989-06-01,1810.0,4210.0,2950.0,8970.0,197800.0,127000.0,333700.0
1989-07-01,2150.0,4940.0,2720.0,9810.0,173800.0,150600.0,334200.0
1989-08-01,2160.0,5570.0,2340.0,10070.0,165400.0,178400.0,353900.0
1989-09-01,1890.0,4170.0,2280.0,8340.0,201700.0,149700.0,359700.0
1989-10-01,1990.0,3620.0,2160.0,7770.0,147000.0,154800.0,309600.0
1989-11-01,2100.0,4070.0,3230.0,9390.0,144200.0,177000.0,330500.0
1989-12-01,2840.0,5040.0,6830.0,14700.0,244900.0,168300.0,427900.0
1990-01-01,2580.0,7920.0,3730.0,14240.0,146700.0,226100.0,387000.0
1990-02-01,2310.0,5390.0,2670.0,10370.0,124400.0,178400.0,313200.0
1990-03-01,2450.0,5800.0,3070.0,11310.0,168600.0,197000.0,376900.0
1990-04-01,2600.0,5800.0,2740.0,11130.0,193400.0,188000.0,392600.0
1990-05-01,2550.0,5230.0,2770.0,10550.0,167900.0,175500.0,353900.0
1990-06-01,2250.0,4770.0,3360.0,10380.0,209800.0,149000.0,369200.0
1990-07-01,2590.0,5740.0,3090.0,11420.0,198400.0,156300.0,366100.0
1990-08-01,2560.0,6300.0,2720.0,11590.0,184300.0,188000.0,383900.0
1990-09-01,2290.0,4770.0,2550.0,9600.0,214300.0,170000.0,393800.0
1990-10-01,2530.0,4280.0,2480.0,9290.0,156200.0,162000.0,327400.0
1990-11-01,2430.0,4510.0,4130.0,11060.0,154900.0,193300.0,359200.0
1990-12-01,3230.0,5800.0,7490.0,16530.0,251200.0,179200.0,446900.0
1991-01-01,2820.0,8110.0,3650.0,14580.0,127900.0,243600.0,386200.0
1991-02-01,2770.0,5860.0,3710.0,12350.0,125100.0,180000.0,317400.0
1991-03-01,2900.0,6100.0,4020.0,13020.0,171500.0,197600.0,382100.0
1991-04-01,2400.0,5720.0,3020.0,11140.0,167000.0,180900.0,359100.0
1991-05-01,2450.0,4820.0,2960.0,10230.0,163900.0,175000.0,349100.0
1991-06-01,2160.0,4890.0,3790.0,10830.0,200900.0,167900.0,379600.0
1991-07-01,2620.0,5460.0,3560.0,11640.0,188900.0,180000.0,380600.0
1991-08-01,2550.0,6500.0,3370.0,12420.0,168000.0,214600.0,395000.0
1991-09-01,2030.0,4410.0,2980.0,9420.0,203100.0,192900.0,405500.0
1991-10-01,2170.0,4280.0,2820.0,9260.0,169800.0,195200.0,374200.0
1991-11-01,2400.0,4630.0,4730.0,11750.0,171900.0,221700.0,405400.0
1991-12-01,2620.0,5370.0,9070.0,17060.0,241300.0,201400.0,459800.0
1992-01-01,2810.0,8480.0,4200.0,15480.0,141400.0,250000.0,406800.0
1992-02-01,2540.0,6380.0,3690.0,12610.0,140600.0,216300.0,369500.0
1992-03-01,2520.0,6060.0,3540.0,12110.0,172200.0,224300.0,408600.0
1992-04-01,2470.0,5670.0,3400.0,11550.0,192900.0,211700.0,416200.0
1992-05-01,2310.0,5370.0,3010.0,10690.0,178700.0,197000.0,386400.0
1992-06-01,2080.0,4600.0,3610.0,10290.0,204600.0,168500.0,383400.0
1992-07-01,2130.0,5780.0,3980.0,11890.0,222900.0,185400.0,420200.0
1992-08-01,2390.0,6200.0,3160.0,11750.0,179900.0,214100.0,405800.0
1992-09-01,2060.0,4530.0,3020.0,9610.0,229900.0,187500.0,427000.0
1992-10-01,2050.0,3870.0,2710.0,8630.0,173100.0,200400.0,382200.0
1992-11-01,1930.0,4390.0,5060.0,11370.0,174600.0,242900.0,428900.0
1992-12-01,2850.0,5660.0,9170.0,17690.0,265400.0,235200.0,518400.0
1993-01-01,2770.0,8830.0,4320.0,15920.0,147600.0,300800.0,464400.0
1993-02-01,2320.0,5580.0,3320.0,11230.0,140800.0,230000.0,382000.0
1993-03-01,2580.0,5740.0,3320.0,11640.0,171900.0,256100.0,439600.0
1993-04-01,2520.0,5470.0,3140.0,11120.0,189900.0,241700.0,442700.0
1993-05-01,2390.0,4920.0,2810.0,10120.0,185100.0,236100.0,431300.0
1993-06-01,1920.0,4480.0,3740.0,10140.0,218400.0,200300.0,428900.0
1993-07-01,2330.0,5280.0,4040.0,11650.0,207100.0,203900.0,422600.0
1993-08-01,2460.0,6000.0,3310.0,11770.0,178800.0,258500.0,449100.0
1993-09-01,2010.0,4440.0,3120.0,9570.0,228800.0,212300.0,450600.0
1993-10-01,1970.0,4190.0,2600.0,8770.0,176900.0,242700.0,428400.0
1993-11-01,2050.0,4200.0,4970.0,11220.0,170300.0,279900.0,461500.0
1993-12-01,2750.0,5170.0,9360.0,17280.0,251500.0,268800.0,537500.0
1994-01-01,2530.0,8430.0,3690.0,14650.0,149900.0,327400.0,491900.0
1994-02-01,2200.0,5860.0,3430.0,11480.0,150300.0,279100.0,440900.0
1994-03-01,2470.0,5610.0,3550.0,11630.0,192000.0,302200.0,505800.0
1994-04-01,2400.0,5930.0,2970.0,11290.0,185100.0,276400.0,472800.0
1994-05-01,2110.0,5030.0,2720.0,9860.0,184500.0,250400.0,444800.0
1994-06-01,2000.0,4650.0,4180.0,10830.0,228800.0,217400.0,457000.0
1994-07-01,2320.0,5690.0,3890.0,11900.0,219000.0,239400.0,470300.0
1994-08-01,2180.0,6180.0,3090.0,11450.0,180000.0,298000.0,489400.0
1994-09-01,1940.0,4790.0,2980.0,9720.0,241500.0,236400.0,487600.0
1994-10-01,2020.0,4320.0,2520.0,8850.0,184300.0,272200.0,465300.0
1994-11-01,2190.0,4450.0,5410.0,12050.0,174600.0,311500.0,498100.0
1994-12-01,2670.0,5440.0,9880.0,17990.0,264500.0,303900.0,586300.0
1995-01-01,2970.0,9510.0,4590.0,17080.0,166100.0,364400.0,547500.0
1995-02-01,2170.0,6130.0,3410.0,11710.0,151900.0,303500.0,467100.0
1995-03-01,2360.0,5810.0,3840.0,12010.0,194600.0,329000.0,535600.0
1995-04-01,2110.0,5910.0,3250.0,11270.0,214600.0,301200.0,527100.0
1995-05-01,2150.0,5490.0,2660.0,10300.0,201700.0,277800.0,489800.0
1995-06-01,1870.0,4670.0,4630.0,11170.0,229400.0,249300.0,489800.0
1995-07-01,2500.0,5980.0,4430.0,12910.0,233600.0,282500.0,529100.0
1995-08-01,2430.0,6250.0,3360.0,12050.0,197500.0,336200.0,545800.0
1995-09-01,2040.0,4740.0,3300.0,10080.0,254600.0,265600.0,530300.0
1995-10-01,2070.0,4260.0,2810.0,9130.0,194000.0,289000.0,492200.0
1995-11-01,2220.0,4610.0,5840.0,12670.0,201100.0,334300.0,548100.0
1995-12-01,2980.0,5740.0,10270.0,18990.0,279500.0,344100.0,642600.0
1996-01-01,3070.0,9770.0,4310.0,17150.0,175800.0,396600.0,589600.0
1996-02-01,2250.0,6270.0,3950.0,12470.0,167200.0,354000.0,533700.0
1996-03-01,2540.0,6600.0,4290.0,13420.0,235900.0,366700.0,615900.0
1996-04-01,2380.0,5910.0,3290.0,11570.0,207400.0,353900.0,572900.0
1996-05-01,2180.0,5230.0,3020.0,10420.0,215900.0,290300.0,516600.0
1996-06-01,2020.0,4900.0,5270.0,12180.0,261800.0,296900.0,570800.0
1996-07-01,2330.0,5880.0,4980.0,13180.0,236800.0,323100.0,573100.0
1996-08-01,2440.0,6430.0,3910.0,12780.0,222400.0,367500.0,602700.0
1996-09-01,2070.0,4730.0,3930.0,10730.0,281500.0,292200.0,584500.0
1996-10-01,2030.0,4480.0,3370.0,9880.0,214100.0,322900.0,546800.0
1996-11-01,2450.0,4770.0,6720.0,13940.0,218200.0,362300.0,594500.0
1996-12-01,2740.0,6000.0,11790.0,20530.0,295000.0,384400.0,699900.0
1997-01-01,3000.0,10540.0,5250.0,18800.0,194400.0,434300.0,647600.0
1997-02-01,2520.0,6700.0,4100.0,13310.0,180200.0,371100.0,564600.0
1997-03-01,2720.0,6810.0,5000.0,14530.0,250400.0,385100.0,650100.0
1997-04-01,2650.0,6340.0,3890.0,12880.0,212700.0,365700.0,591200.0
1997-05-01,2390.0,5660.0,3700.0,11750.0,251300.0,305400.0,568400.0
1997-06-01,2520.0,5460.0,6330.0,14310.0,280200.0,302900.0,597400.0
1997-07-01,2690.0,6520.0,6350.0,15560.0,249300.0,351100.0,616000.0
1997-08-01,2550.0,7170.0,4740.0,14460.0,240000.0,378100.0,632500.0
1997-09-01,2100.0,5310.0,4750.0,12160.0,304200.0,303200.0,619600.0
1997-10-01,2200.0,5170.0,4080.0,11450.0,236900.0,336200.0,584500.0
1997-11-01,2330.0,5330.0,7520.0,15170.0,232500.0,381900.0,629600.0
1997-12-01,2670.0,6180.0,13350.0,22200.0,300700.0,366100.0,689000.0
1998-01-01,3330.0,11030.0,6450.0,20800.0,207300.0,422700.0,650800.0
1998-02-01,2420.0,6630.0,4650.0,13700.0,196900.0,341200.0,551800.0
1998-03-01,2780.0,6880.0,5540.0,15190.0,246600.0,349100.0,610800.0
1998-04-01,2840.0,7050.0,5160.0,15050.0,262500.0,361200.0,638700.0
1998-05-01,2710.0,6500.0,4820.0,14030.0,272800.0,308400.0,595200.0
1998-06-01,3370.0,5650.0,7500.0,16510.0,282300.0,299200.0,598000.0
1998-07-01,2520.0,6410.0,5550.0,14470.0,271100.0,323700.0,609200.0
1998-08-01,3060.0,7870.0,4140.0,15070.0,265600.0,371300.0,651900.0
1998-09-01,2250.0,5310.0,3990.0,11550.0,313500.0,296300.0,621400.0
1998-10-01,2480.0,5620.0,3570.0,11660.0,268000.0,337300.0,616900.0
1998-11-01,2470.0,5460.0,5160.0,13090.0,256500.0,365300.0,634800.0
1998-12-01,3210.0,6660.0,8610.0,18480.0,318100.0,374700.0,711300.0
1999-01-01,4640.0,12010.0,4630.0,21270.0,232700.0,448600.0,702600.0
1999-02-01,2870.0,7070.0,3960.0,13890.0,198500.0,362800.0,575100.0
1999-03-01,3160.0,7390.0,4640.0,15180.0,268900.0,381600.0,665600.0
1999-04-01,3140.0,7060.0,3590.0,13790.0,244300.0,381700.0,639800.0
1999-05-01,2730.0,6480.0,4090.0,13290.0,262400.0,319200.0,594900.0
1999-06-01,2680.0,5540.0,5500.0,13720.0,289200.0,316700.0,619700.0
1999-07-01,3170.0,6810.0,5620.0,15600.0,286600.0,336000.0,638200.0
1999-08-01,3650.0,7710.0,4790.0,16150.0,281100.0,402000.0,699300.0
1999-09-01,2870.0,5820.0,5110.0,13790.0,330700.0,331200.0,675600.0
1999-10-01,2930.0,5740.0,4450.0,13120.0,262000.0,364600.0,639700.0
1999-11-01,2910.0,5720.0,6560.0,15190.0,244300.0,412700.0,672200.0
1999-12-01,3500.0,6100.0,11070.0,20670.0,309300.0,392600.0,722500.0
2000-01-01,5450.0,12550.0,6480.0,24480.0,246900.0,452000.0,723400.0
2000-02-01,3120.0,7390.0,5090.0,15600.0,211800.0,397400.0,624800.0
2000-03-01,3330.0,7180.0,5840.0,16350.0,263100.0,422800.0,702200.0
2000-04-01,3710.0,7070.0,5590.0,16360.0,307700.0,417100.0,741100.0
2000-05-01,3510.0,7200.0,4690.0,15390.0,284900.0,361000.0,661300.0
2000-06-01,2940.0,5650.0,6560.0,15140.0,303800.0,346000.0,664900.0
2000-07-01,3670.0,7310.0,5970.0,16950.0,296900.0,374000.0,687900.0
2000-08-01,3880.0,8350.0,4730.0,16950.0,290400.0,421500.0,728800.0
2000-09-01,3270.0,5790.0,5400.0,14450.0,356200.0,344900.0,715600.0
2000-10-01,3330.0,6250.0,5190.0,14770.0,283700.0,436700.0,735100.0
2000-11-01,3230.0,5990.0,6820.0,16040.0,274500.0,468900.0,759400.0
2000-12-01,4400.0,7370.0,11860.0,23630.0,378300.0,469300.0,871200.0
2001-01-01,6250.0,13910.0,6410.0,26560.0,263100.0,531900.0,821600.0
2001-02-01,3540.0,7680.0,5430.0,16650.0,226900.0,392900.0,636500.0
2001-03-01,4140.0,8380.0,5580.0,18100.0,283800.0,447800.0,749700.0
2001-04-01,4200.0,8300.0,4830.0,17330.0,299900.0,436900.0,754200.0
2001-05-01,3520.0,7860.0,4660.0,16040.0,296000.0,367300.0,679300.0
2001-06-01,3100.0,5770.0,6560.0,15420.0,327600.0,363800.0,706900.0
2001-07-01,3950.0,8230.0,6720.0,18900.0,313500.0,406200.0,738700.0
2001-08-01,4190.0,9100.0,5750.0,19040.0,291700.0,440500.0,751200.0
2001-09-01,3490.0,6060.0,5620.0,15170.0,333000.0,351500.0,699600.0
2001-10-01,3530.0,5980.0,4730.0,14240.0,246500.0,358200.0,619000.0
2001-11-01,3360.0,5350.0,6890.0,15600.0,227400.0,395000.0,637900.0
2001-12-01,4330.0,6850.0,11900.0,23080.0,333200.0,426100.0,782300.0
2002-01-01,6680.0,13700.0,6480.0,26860.0,239500.0,491300.0,757600.0
2002-02-01,3680.0,7780.0,6460.0,17930.0,218600.0,404000.0,640600.0
2002-03-01,4080.0,7980.0,6510.0,18570.0,283500.0,441400.0,743400.0
2002-04-01,4190.0,8030.0,5150.0,17370.0,267900.0,419500.0,704800.0
2002-05-01,3470.0,7280.0,5530.0,16280.0,294500.0,356700.0,667500.0
2002-06-01,3280.0,5730.0,7650.0,16650.0,318600.0,347500.0,682700.0
2002-07-01,4070.0,7530.0,7590.0,19200.0,318700.0,369400.0,707300.0
2002-08-01,4600.0,8510.0,6190.0,19300.0,283400.0,432600.0,735300.0
2002-09-01,3490.0,5660.0,5980.0,15130.0,351600.0,337500.0,704200.0
2002-10-01,3470.0,5600.0,5370.0,14430.0,268400.0,392900.0,675700.0
2002-11-01,3550.0,5310.0,7920.0,16790.0,251100.0,455200.0,723100.0
2002-12-01,4510.0,6870.0,13050.0,24430.0,365100.0,446900.0,836400.0
2003-01-01,6840.0,12620.0,7440.0,26900.0,249100.0,510500.0,786500.0
2003-02-01,3980.0,7170.0,5910.0,17050.0,216400.0,397700.0,631100.0
2003-03-01,4230.0,7340.0,6080.0,17660.0,245500.0,421600.0,684700.0
2003-04-01,4180.0,6850.0,5210.0,16240.0,232100.0,350100.0,598500.0
2003-05-01,3970.0,7060.0,4730.0,15760.0,236300.0,288300.0,540400.0
2003-06-01,3570.0,5680.0,7430.0,16680.0,275600.0,312000.0,604300.0
2003-07-01,4670.0,6710.0,7560.0,18930.0,296500.0,368000.0,683400.0
2003-08-01,5350.0,7950.0,6560.0,19860.0,296900.0,413400.0,730200.0
2003-09-01,3990.0,5360.0,6160.0,15520.0,354300.0,359700.0,729600.0
2003-10-01,3850.0,5060.0,5570.0,14480.0,277900.0,400300.0,692700.0
2003-11-01,4200.0,5390.0,9710.0,19310.0,287200.0,492100.0,798600.0
2003-12-01,5280.0,6790.0,14430.0,26500.0,420200.0,476000.0,922700.0
2004-01-01,7910.0,12300.0,8080.0,28300.0,299700.0,544100.0,872100.0
2004-02-01,4590.0,7060.0,6240.0,17890.0,268200.0,418500.0,704600.0
2004-03-01,5180.0,7320.0,7300.0,19800.0,329700.0,446100.0,795600.0
2004-04-01,5200.0,7710.0,6170.0,19080.0,353600.0,438700.0,811400.0
2004-05-01,4650.0,6980.0,5770.0,17400.0,356200.0,373100.0,746700.0
2004-06-01,4200.0,5700.0,9740.0,19640.0,396500.0,379100.0,795200.0
2004-07-01,4940.0,8250.0,8460.0,21640.0,378400.0,407100.0,807200.0
2004-08-01,5720.0,9340.0,6270.0,21330.0,348200.0,473500.0,843000.0
2004-09-01,4200.0,6390.0,6660.0,17250.0,437100.0,371500.0,825800.0
2004-10-01,4590.0,6980.0,5880.0,17450.0,349800.0,424400.0,791600.0
2004-11-01,4600.0,6820.0,9890.0,21310.0,337800.0,503700.0,862800.0
2004-12-01,6070.0,8080.0,14750.0,28900.0,508400.0,477400.0,1014700.0
2005-01-01,7720.0,13530.0,8880.0,30130.0,341900.0,584100.0,956200.0
2005-02-01,4880.0,8470.0,7260.0,20600.0,288100.0,466000.0,774700.0
2005-03-01,5330.0,8910.0,7400.0,21640.0,377500.0,499400.0,898600.0
2005-04-01,5460.0,9170.0,5490.0,20120.0,370400.0,463000.0,853500.0
2005-05-01,4790.0,8850.0,5640.0,19270.0,394900.0,391800.0,806000.0
2005-06-01,4310.0,6630.0,10160.0,21100.0,449200.0,393600.0,863900.0
2005-07-01,5510.0,8740.0,8190.0,22440.0,413100.0,432300.0,867800.0
2005-08-01,5690.0,9620.0,6460.0,21770.0,386600.0,496300.0,904700.0
2005-09-01,4740.0,6960.0,6330.0,18030.0,485800.0,376200.0,880100.0
2005-10-01,4920.0,7180.0,5650.0,17750.0,354500.0,443400.0,815700.0
2005-11-01,4750.0,7380.0,9210.0,21350.0,357800.0,504400.0,883600.0
2005-12-01,6300.0,8650.0,14630.0,29580.0,526000.0,479500.0,1035100.0
2006-01-01,9300.0,15330.0,8790.0,33430.0,345800.0,580500.0,959700.0
2006-02-01,5060.0,8780.0,6280.0,20120.0,295000.0,465600.0,780600.0
2006-03-01,5560.0,9160.0,6440.0,21160.0,360900.0,488600.0,870600.0
2006-04-01,6230.0,9850.0,5980.0,22060.0,414500.0,480400.0,916900.0
2006-05-01,5220.0,8860.0,5390.0,19470.0,402100.0,382100.0,803600.0
2006-06-01,4560.0,7570.0,10620.0,22750.0,483300.0,384800.0,890800.0
2006-07-01,5690.0,9240.0,8000.0,22930.0,412000.0,421700.0,856600.0
2006-08-01,6200.0,10140.0,6540.0,22870.0,395100.0,476300.0,894300.0
2006-09-01,4890.0,7230.0,6530.0,18640.0,490600.0,386100.0,895300.0
2006-10-01,5010.0,7510.0,5940.0,18460.0,390300.0,460100.0,868900.0
2006-11-01,5120.0,7430.0,9950.0,22500.0,374200.0,503700.0,900400.0
2006-12-01,6560.0,8910.0,16330.0,31800.0,568500.0,506100.0,1106400.0
2007-01-01,9720.0,14750.0,8930.0,33390.0,369400.0,610200.0,1013000.0
2007-02-01,5390.0,8590.0,8200.0,22170.0,314400.0,476000.0,812500.0
2007-03-01,6250.0,9490.0,7920.0,23650.0,421800.0,520300.0,965800.0
2007-04-01,6870.0,10020.0,7050.0,23940.0,435700.0,491900.0,951600.0
2007-05-01,5520.0,8750.0,6540.0,20810.0,439000.0,396300.0,856200.0
2007-06-01,4900.0,7470.0,11490.0,23860.0,508500.0,403000.0,935400.0
2007-07-01,0.0,19660.0,8120.0,27780.0,480600.0,426500.0,934800.0
2007-08-01,0.0,23080.0,6170.0,29250.0,469600.0,463300.0,962100.0
2007-09-01,0.0,17420.0,6410.0,23840.0,574900.0,384700.0,983500.0
2007-10-01,0.0,17810.0,5600.0,23410.0,454800.0,432700.0,910900.0
2007-11-01,0.0,17680.0,11240.0,28920.0,445600.0,500300.0,974900.0
2007-12-01,0.0,21240.0,17220.0,38470.0,654500.0,481400.0,1174400.0
2008-01-01,0.0,31620.0,10290.0,41910.0,452400.0,547500.0,1041900.0
2008-02-01,0.0,18580.0,7850.0,26430.0,383700.0,475700.0,885800.0
2008-03-01,0.0,21810.0,9000.0,30800.0,481500.0,495700.0,1008100.0
2008-04-01,0.0,22610.0,7570.0,30170.0,488200.0,441800.0,960100.0
2008-05-01,0.0,17840.0,6800.0,24630.0,509500.0,390800.0,924900.0
2008-06-01,0.0,16350.0,11060.0,27410.0,553600.0,386000.0,967100.0
2008-07-01,0.0,20040.0,10000.0,30040.0,509800.0,456500.0,996300.0
2008-08-01,0.0,23850.0,8120.0,31970.0,509500.0,455200.0,996600.0
2008-09-01,0.0,16730.0,8540.0,25270.0,592400.0,340400.0,958100.0
2008-10-01,0.0,17910.0,8080.0,26000.0,475800.0,414500.0,916300.0
2008-11-01,0.0,17780.0,14360.0,32130.0,448800.0,480300.0,961300.0
2008-12-01,0.0,21490.0,22610.0,44100.0,663300.0,480600.0,1188000.0
2009-01-01,0.0,31310.0,14740.0,46050.0,440000.0,556700.0,1042700.0
2009-02-01,0.0,17920.0,10070.0,27980.0,376500.0,439800.0,844300.0
2009-03-01,0.0,20310.0,9930.0,30250.0,447100.0,478000.0,955400.0
2009-04-01,0.0,21860.0,10100.0,31960.0,526100.0,464500.0,1022600.0
2009-05-01,0.0,18870.0,8790.0,27660.0,517200.0,391800.0,936600.0
2009-06-01,0.0,16330.0,14790.0,31120.0,572400.0,384400.0,988000.0
2009-07-01,0.0,20070.0,12750.0,32820.0,584100.0,393300.0,1010200.0
2009-08-01,0.0,23690.0,10770.0,34460.0,548600.0,432700.0,1015700.0
2009-09-01,0.0,18240.0,12490.0,30730.0,646600.0,380800.0,1058100.0
2009-10-01,0.0,18840.0,10230.0,29070.0,566600.0,440700.0,1036400.0
2009-11-01,0.0,19130.0,18300.0,37430.0,536900.0,493500.0,1067800.0
2009-12-01,0.0,19880.0,26210.0,46090.0,756200.0,509300.0,1311600.0
2010-01-01,0.0,32430.0,17020.0,49440.0,530700.0,575200.0,1155300.0
2010-02-01,0.0,18800.0,14360.0,33160.0,435700.0,490300.0,959200.0
2010-03-01,0.0,22000.0,13650.0,35650.0,576900.0,498900.0,1111500.0
2010-04-01,0.0,23730.0,9870.0,33600.0,560100.0,455500.0,1049200.0
2010-05-01,0.0,19330.0,10760.0,30080.0,574300.0,398700.0,1003100.0
2010-06-01,0.0,16620.0,15670.0,32290.0,703400.0,404800.0,1140600.0
2010-07-01,0.0,20310.0,14050.0,34360.0,637800.0,437900.0,1110100.0
2010-08-01,0.0,24370.0,12170.0,36530.0,605100.0,482800.0,1124500.0
2010-09-01,0.0,16920.0,12720.0,29640.0,745800.0,406800.0,1182200.0
2010-10-01,0.0,18100.0,13510.0,31610.0,597800.0,464400.0,1093800.0
2010-11-01,0.0,19090.0,20200.0,39290.0,570500.0,526200.0,1136000.0
2010-12-01,0.0,20280.0,25740.0,46020.0,830500.0,528200.0,1404700.0
2011-01-01,0.0,32850.0,22600.0,55450.0,588800.0,605500.0,1249700.0
2011-02-01,0.0,17910.0,14790.0,32700.0,473000.0,488000.0,993600.0
2011-03-01,0.0,20200.0,13250.0,33450.0,552300.0,484100.0,1069900.0
2011-04-01,0.0,23010.0,12840.0,35850.0,715300.0,454000.0,1205200.0
2011-05-01,0.0,21190.0,10610.0,31800.0,638800.0,414000.0,1084600.0
2011-06-01,0.0,17290.0,15970.0,33260.0,743200.0,401100.0,1177500.0
2011-07-01,0.0,20580.0,13780.0,34360.0,706900.0,435600.0,1176800.0
2011-08-01,0.0,26300.0,12480.0,38790.0,668400.0,465900.0,1173100.0
2011-09-01,0.0,18300.0,13180.0,31480.0,811500.0,402500.0,1245400.0
2011-10-01,0.0,18240.0,13680.0,31920.0,652300.0,451700.0,1135900.0
2011-11-01,0.0,18680.0,18430.0,37120.0,614000.0,521700.0,1172800.0
2011-12-01,0.0,23270.0,26250.0,49520.0,886000.0,533500.0,1469000.0
2012-01-01,0.0,33520.0,20370.0,53880.0,618200.0,619100.0,1291200.0
2012-02-01,0.0,18680.0,14670.0,33360.0,519500.0,485700.0,1038600.0
2012-03-01,0.0,20680.0,14490.0,35170.0,655800.0,519300.0,1210200.0
2012-04-01,0.0,25030.0,12360.0,37390.0,691800.0,488900.0,1218100.0
2012-05-01,0.0,18660.0,11330.0,29990.0,672300.0,407300.0,1109600.0
2012-06-01,0.0,16150.0,16010.0,32160.0,817600.0,423100.0,1272900.0
2012-07-01,0.0,21350.0,14060.0,35410.0,711200.0,445200.0,1191800.0
2012-08-01,0.0,24940.0,13030.0,37970.0,688900.0,508900.0,1235800.0
2012-09-01,0.0,17850.0,12440.0,30290.0,861800.0,412300.0,1304500.0
2012-10-01,0.0,18470.0,14620.0,33090.0,666400.0,481700.0,1181200.0
2012-11-01,0.0,18840.0,19250.0,38090.0,658700.0,555600.0,1252400.0
2012-12-01,0.0,22180.0,26660.0,48840.0,931200.0,563200.0,1543300.0
2013-01-01,0.0,34250.0,18610.0,52860.0,632800.0,635200.0,1320800.0
2013-02-01,0.0,18320.0,15560.0,33880.0,523900.0,537100.0,1094900.0
2013-03-01,0.0,20940.0,15000.0,35950.0,702500.0,549100.0,1287500.0
2013-04-01,0.0,24220.0,12460.0,36670.0,723400.0,497900.0,1258000.0
2013-05-01,0.0,19310.0,11580.0,30890.0,729200.0,437300.0,1197400.0
2013-06-01,0.0,16420.0,15260.0,31680.0,863500.0,440400.0,1335500.0
2013-07-01,0.0,22820.0,14820.0,37640.0,777000.0,485300.0,1299900.0
2013-08-01,0.0,25420.0,13430.0,38860.0,753800.0,550700.0,1343300.0
2013-09-01,0.0,17000.0,13100.0,30100.0,916100.0,433400.0,1379700.0
2013-10-01,0.0,18920.0,14050.0,32980.0,705700.0,495500.0,1234300.0
2013-11-01,0.0,19690.0,16930.0,36620.0,703000.0,563300.0,1302900.0
2013-12-01,0.0,23100.0,27220.0,50320.0,1020900.0,611100.0,1682300.0
2014-01-01,0.0,36800.0,20100.0,56900.0,710600.0,697700.0,1465200.0
2014-02-01,0.0,19530.0,12850.0,32370.0,561900.0,588200.0,1182400.0
2014-03-01,0.0,21660.0,13790.0,35440.0,662200.0,601100.0,1298700.0
2014-04-01,0.0,22380.0,13370.0,35750.0,843400.0,534900.0,1414000.0
2014-05-01,0.0,18430.0,11980.0,30410.0,757500.0,478000.0,1266000.0
2014-06-01,0.0,16610.0,15360.0,31970.0,898800.0,489500.0,1420300.0
2014-07-01,0.0,22460.0,15750.0,38210.0,815600.0,491000.0,1344800.0
2014-08-01,0.0,25860.0,13120.0,38980.0,798400.0,587800.0,1425200.0
2014-09-01,0.0,16680.0,13910.0,30590.0,927100.0,450100.0,1407800.0
2014-10-01,0.0,17510.0,12520.0,30030.0,731500.0,540000.0,1301600.0
2014-11-01,0.0,18120.0,16760.0,34880.0,718500.0,607400.0,1360800.0
2014-12-01,0.0,21540.0,26070.0,47610.0,1054700.0,610100.0,1712500.0
2015-01-01,0.0,36230.0,17990.0,54230.0,734900.0,703000.0,1492000.0
2015-02-01,0.0,18760.0,15810.0,34560.0,579200.0,630600.0,1244400.0
2015-03-01,0.0,25170.0,15110.0,40280.0,747700.0,658300.0,1446300.0
2015-04-01,0.0,24870.0,12870.0,37740.0,794300.0,575200.0,1407200.0
2015-05-01,0.0,18210.0,12270.0,30480.0,774200.0,504200.0,1308900.0
2015-06-01,0.0,17100.0,15800.0,32900.0,925200.0,501900.0,1460100.0
2015-07-01,0.0,24770.0,16950.0,41710.0,850700.0,540400.0,1432900.0
2015-08-01,0.0,26580.0,13460.0,40040.0,807700.0,601200.0,1448900.0
2015-09-01,0.0,18350.0,13710.0,32050.0,957400.0,487100.0,1476500.0
2015-10-01,0.0,19090.0,13440.0,32530.0,782100.0,580700.0,1395300.0
2015-11-01,0.0,19080.0,18080.0,37160.0,731100.0,668900.0,1437100.0
2015-12-01,0.0,22390.0,27160.0,49550.0,1122900.0,680700.0,1853200.0
2016-01-01,0.0,38760.0,20510.0,59270.0,793400.0,783200.0,1635900.0
2016-02-01,0.0,21470.0,14910.0,36380.0,608900.0,722000.0,1367200.0
2016-03-01,0.0,22440.0,15940.0,38380.0,807000.0,695400.0,1540800.0
2016-04-01,0.0,25660.0,13240.0,38900.0,823500.0,630900.0,1493200.0
2016-05-01,0.0,19370.0,12690.0,32060.0,792900.0,562400.0,1387400.0
2016-06-01,0.0,17120.0,17570.0,34700.0,981300.0,564300.0,1580200.0
2016-07-01,0.0,24460.0,16300.0,40760.0,925700.0,607900.0,1574300.0
2016-08-01,0.0,26340.0,14040.0,40380.0,847100.0,658700.0,1546200.0
2016-09-01,0.0,18620.0,14530.0,33150.0,1008700.0,560100.0,1602000.0
2016-10-01,0.0,21090.0,15030.0,36120.0,822200.0,644000.0,1502300.0
2016-11-01,0.0,20190.0,18310.0,38500.0,774800.0,731400.0,1544600.0
2016-12-01,0.0,26640.0,29090.0,55730.0,1195100.0,741800.0,1992700.0
2017-01-01,0.0,38920.0,24680.0,63600.0,850600.0,867000.0,1781200.0
2017-02-01,0.0,21480.0,14450.0,35930.0,641000.0,716300.0,1393200.0
2017-03-01,0.0,23800.0,16180.0,39970.0,790400.0,745900.0,1576200.0
2017-04-01,0.0,25330.0,14600.0,39930.0,950100.0,715000.0,1705000.0
2017-05-01,0.0,20930.0,13290.0,34220.0,856800.0,601600.0,1492600.0
2017-06-01,0.0,18780.0,18660.0,37440.0,1017900.0,616800.0,1672200.0
2017-07-01,0.0,26630.0,16620.0,43260.0,965600.0,643500.0,1652300.0
2017-08-01,0.0,28310.0,15470.0,43770.0,901100.0,712800.0,1657700.0
2017-09-01,0.0,19790.0,16220.0,36010.0,1082300.0,583300.0,1701600.0
2017-10-01,0.0,20870.0,15180.0,36050.0,829000.0,703300.0,1568400.0
2017-11-01,0.0,22870.0,19760.0,42630.0,821900.0,773600.0,1638100.0
2017-12-01,0.0,29640.0,32730.0,62380.0,1224900.0,795500.0,2082800.0
2018-01-01,0.0,38290.0,23400.0,61690.0,854400.0,893100.0,1809200.0
2018-02-01,0.0,20980.0,20460.0,41440.0,668800.0,805200.0,1515400.0
2018-03-01,0.0,24720.0,18540.0,43270.0,899500.0,800300.0,1743100.0
2018-04-01,0.0,28120.0,16080.0,44200.0,927500.0,743300.0,1715000.0
2018-05-01,0.0,20880.0,14430.0,35310.0,897800.0,623500.0,1556600.0
2018-06-01,0.0,21780.0,20510.0,42280.0,1053700.0,689900.0,1785900.0
2018-07-01,0.0,26200.0,18940.0,45140.0,1015100.0,665500.0,1725800.0
